[
  {
    "name":"장원석",
    "label":"장원석",
    "phone":"010-1234-7777",
    "rating":"VIP"
  },
  {
    "name":"전민주",
    "label":"전민주",
    "phone":"010-1004-7007",
    "rating":"VIP"
  },
  {
    "name":"최용관",
    "label":"최용관",
    "phone":"010-4444-1212"
  },
  {
    "name":"조신득",
    "label":"조신득",
    "phone":"010-6262-4444",
    "rating":"BAD"
  },
  {
    "name":"박혜미",
    "label":"박혜미",
    "phone":"010-1010-2929",
    "rating":"BAD"
  },
  {
    "name":"조성우",
    "label":"조성우",
    "phone":"010-9999-1200",
    "rating":"NORMAL"
  },
  {
    "name":"오치화",
    "label":"오치화"
  },
  {
    "name":"신용홍",
    "label":"신용홍",
    "phone":"010-2828-2059",
    "rating":"BAD"
  },
  {
    "name":"이소라",
    "label":"이소라",
    "phone":"019-1055-1200",
    "rating":"NORMAL"
  },
  {
    "name":"박지현",
    "label":"박지현",
    "rating":"NORMAL"
  },
  {
    "name":"김효섭",
    "label":"김효섭",
    "phone":"010-8419-6278",
    "rating":"VIP"
  }
]
