[
    {
      "id": 1,
      "rating" : "",
      "colorClass": "yellow",
      "product": "남성 헤어드라이",
      "name" : "최용관",
      "phone": "010-1234-0000",
      "start": "2016-12-23T18:00:00",
      "end": "2016-12-23T19:00:00",
      "picture": "http://cfile1.uf.tistory.com/image/2278E041566DF58F2D1777",
      "comment": "안녕하세요~ 머리를 하고싶어서 예약남깁니다 잘부탁드려요 ~ 멋지게 해주세요!!★",
      "comment_admin":"방문시 항상 따듯한 녹차를 드려야합니다. 커피는 드시지 않습니다",
      "kakao":"choiyk90@nate.com",
      "line":"choiyk90@naver.com",
      "history":[
          {
            "date": "2016.01.01",
            "time": "09:00 - 10:10",
            "product": "염색",
            "comment": "이쁘게 해주세요~ 이쁘게 해주세요~ 이쁘게 해주세요~ 이쁘게 해주세요~",
            "picture" : ["http://www.gifpng.com/{70}x{70}"]
          },{
            "date": "2016.05.25",
            "time": "13:00 - 15:10",
            "product": "볼륨매직",
            "picture" : [
              "http://www.gifpng.com/{100}x{100}",
              "http://www.gifpng.com/{100}x{100}",
              "http://www.gifpng.com/{100}x{100}"
              ]
          },{
              "date": "1999.01.25",
              "time": "10:00 - 15:10",
              "product": "파마",
              "comment": "머리를 짧게 짜르시는 손님.게 짜르시는 손님.게 짜르시는 손님.. 다음번에 오시면 서비스 제공하기!",
              "picture" : [
                ]
            }
        ]
    },
    {
      "id": 2,
      "rating" : "vip",
      "colorClass": "green",
      "product": "여성 헤어매직",
      "name": "이설아",
      "phone": "010-9389-4080",
      "start": "2016-12-23T12:30:00",
      "end": "2016-12-23T14:30:00",
      "picture": "http://gifpng.com/{52}x{52}",
      "comment": "안녕하세요",
      "comment_admin":"",
      "kakao":"agcd@naver.com",
      "history":[
          {
              "date": "2016.11.30",
              "time": "15:00 - 19:00",
              "product": "드라이",
              "comment": "깐깐한 손님",
              "picture" : [
                ]
            }
        ]
    }
]
