[
  {
    "name": "Absoluby",
    "label": "Absoluby",
    "todayReservation": 4,
    "picture": "http://cfile1.uf.tistory.com/image/2278E041566DF58F2D1777"
  },
  {
    "name": "Ato",
    "label": "Ato",
    "todayReservation": 7
  },
  {
    "name": "김민성",
    "label": "김민성",
    "todayReservation": 2
  },
  {
    "name": "최용관",
    "label": "최용관",
    "todayReservation": 2
  },
  {
    "name": "C.Ronaldo",
    "label": "C.Ronaldo",
    "todayReservation": 2
  }
]
