[
 {
   "product": "남성헤어컷",
   "label": "남성헤어컷",
   "itemColor": "red",
   "price": "7,000",
   "serviceTime": 60
 },
 {
   "product": "남성 볼륨매직",
   "label": "남성 볼륨매직",
   "itemColor": "blue",
   "price": "30,000",
   "serviceTime": 120
 },
 {
   "product": "여성헤어컷",
   "label": "여성헤어컷",
   "itemColor": "blue",
   "price": "20,000",
   "serviceTime": 90
 },
 {
   "product": "드라이",
   "label": "드라이",
   "price": "10,000",
   "serviceTime": 60
 },
 {
   "product": "뿌리염색",
   "label": "뿌리염색",
   "itemColor": "yellow",
   "price": "10,000",
   "serviceTime": 180
 }
]
